Workbook

Sheet Definitions
B2: Definition scénario/phase
B3: No | G3: Probabilité
B4: 1a-0 | C4: rien | G4: =[1]Aperçu_phases!$N$3 -> 0.71288848 | I4: c'est 1- la probabilité de recouper des conduits
B5: 1a-1 | C5: 1a.1 | G5: =[1]Aperçu_phases!$N$4 -> 0.15133278
B6: 1a-2 | C6: 1a.1 | D6: 1a.2 | G6: =[1]Aperçu_phases!$N$4*[1]Aperçu_phases!$N$5 -> 0.022901611
B7: 1a-3 | C7: 1a.1 | D7: 1a.2 | E7: 1a.3 | G7: =[1]Aperçu_phases!$N$4*[1]Aperçu_phases!$N$5*[1]Aperçu_phases!$N$6 -> 0.00023363338
B8: 1a-4 | C8: 1a.2 | G8: =[1]Aperçu_phases!$N$5 -> 0.15133278
B9: 1a-5 | C9: 1a.2 | D9: 1a.3 | G9: =[1]Aperçu_phases!$N$5*[1]Aperçu_phases!$N$6 -> 0.0015438385
B10: 1a-6 | C10: 1a.3 | G10: =[1]Aperçu_phases!$N$6 -> 0.010201613
B12: Definition scénario/phase
B13: No | G13: Probabilité
B14: 1b-0 | C14: rien | G14: =[1]Aperçu_phases!$N$9 -> 0.69862223 | I14: c'est 1- la probabilité de recouper des conduits
B15: 1b-1 | C15: 1b.1 | G15: =[1]Aperçu_phases!$N$10 -> 0.14734469
B16: 1b-2 | C16: 1b.1 | D16: 1b.2 | G16: =[1]Aperçu_phases!$N$10*[1]Aperçu_phases!$N$11 -> 0.021710458
B17: 1b-3 | C17: 1b.1 | D17: 1b.2 | E17: 1b.3 | G17: =[1]Aperçu_phases!$N$10*[1]Aperçu_phases!$N$11*[1]Aperçu_phases!$N$12 -> 0.00084805222
B18: 1b-4 | C18: 1b.2 | G18: =[1]Aperçu_phases!$N$11 -> 0.14734469
B19: 1b-5 | C19: 1b.2 | D19: 1b.3 | G19: =[1]Aperçu_phases!$N$11*[1]Aperçu_phases!$N$12 -> 0.0057555668
B20: 1b-6 | C20: 1b.3 | G20: =[1]Aperçu_phases!$N$12 -> 0.039061921
B22: Definition scénario/phase
B23: No | G23: Probabilité
B24: 2a-0 | C24: rien | G24: =[1]Aperçu_phases!$N$15 -> 0.97454727 | I24: c'est 1- la probabilité de recouper des conduits
B25: 2a-1 | C25: 2a.1 | G25: =[1]Aperçu_phases!$N$16 -> 0.0085572621
B26: 2a-2 | C26: 2a.1 | D26: 2a.2 | G26: =[1]Aperçu_phases!$N$16*[1]Aperçu_phases!$N$17 -> 7.3226735e-05
B27: 2a-3 | C27: 2a.1 | D27: 2a.2 | E27: 2a.3 | G27: =[1]Aperçu_phases!$N$16*[1]Aperçu_phases!$N$17*[1]Aperçu_phases!$N$18 -> 6.2662037e-07
B28: 2a-4 | C28: 2a.1 | D28: 2a.2 | E28: 2a.3 | F28: 2a.4 | G28: =[1]Aperçu_phases!$N$16*[1]Aperçu_phases!$N$17*[1]Aperçu_phases!$N$18*[1]Aperçu_phases!$N$19 -> 5.3621547e-09
B29: 2a-5 | C29: 2a.2 | G29: =[1]Aperçu_phases!$N$17 -> 0.0085572621
B30: 2a-6 | C30: 2a.2 | D30: 2a.3 | G30: =[1]Aperçu_phases!$N$17*[1]Aperçu_phases!$N$18 -> 7.3226735e-05
B31: 2a-7 | C31: 2a.2 | D31: 2a.3 | E31: 2a.4 | G31: =[1]Aperçu_phases!$N$17*[1]Aperçu_phases!$N$18*[1]Aperçu_phases!$N$19 -> 6.2662037e-07
B32: 2a-8 | C32: 2a.3 | G32: =[1]Aperçu_phases!$N$18 -> 0.0085572621
B33: 2a-9 | C33: 2a.3 | D33: 2a.4 | G33: =[1]Aperçu_phases!$N$18*[1]Aperçu_phases!$N$19 -> 7.3226735e-05
B34: 2a-10 | C34: 2a.4 | G34: =[1]Aperçu_phases!$N$19 -> 0.0085572621

Sheet simul_1a_1b_2a
F1: En principe, il suffit de stocker les définition et de faire tourner des boucles dans le code.
A2: Simulations à affectuer | F2: La probabilité de non recoupement ne doit pas être écrite dans le tableau, mais calculée à partir des probabilités de recoupement (1- prob recoup)
J3: Qsim (T5) (aléatoire pour l'essai)
F4: Prob. 1a | G4: Prob. 1b | H4: Prob. 2a | I4: Probabilité combinée | J4: Portail Est | K4: Danger | L4: Fenster | M4: Entw.
A5: Phase 1a | B5: 1a-0 | F5: =Definitions!G4 -> 0.71288848 | I5: =SUM(F5+G5+H5) -> 0.71288848 | J5: =_xlfn.NORM.INV(RAND(),4,2) -> 2.7510915 | K5: =I5*J5 -> 1.9612214
B6: 1a-1 | F6: =Definitions!G5 -> 0.15133278 | I6: =SUM(F6+G6+H6) -> 0.15133278 | J6: =_xlfn.NORM.INV(RAND(),4,2) -> 2.8181114 | K6: =I6*J6 -> 0.42647265
B7: 1a-2 | F7: =Definitions!G6 -> 0.022901611 | I7: =SUM(F7+G7+H7) -> 0.022901611 | J7: =_xlfn.NORM.INV(RAND(),4,2) -> 5.5901136 | K7: =I7*J7 -> 0.12802261
B8: 1a-3 | F8: =Definitions!G7 -> 0.00023363338 | I8: =SUM(F8+G8+H8) -> 0.00023363338 | J8: =_xlfn.NORM.INV(RAND(),4,2) -> 3.3174557 | K8: =I8*J8 -> 0.0007750684
B9: 1a-4 | F9: =Definitions!G8 -> 0.15133278 | I9: =SUM(F9+G9+H9) -> 0.15133278 | J9: =_xlfn.NORM.INV(RAND(),4,2) -> 2.8416097 | K9: =I9*J9 -> 0.4300287
B10: 1a-5 | F10: =Definitions!G9 -> 0.0015438385 | I10: =SUM(F10+G10+H10) -> 0.0015438385 | J10: =_xlfn.NORM.INV(RAND(),4,2) -> 2.8392624 | K10: =I10*J10 -> 0.0043833626
B11: 1a-6 | F11: =Definitions!G10 -> 0.010201613 | I11: =SUM(F11+G11+H11) -> 0.010201613 | J11: =_xlfn.NORM.INV(RAND(),4,2) -> 4.5472923 | K11: =I11*J11 -> 0.046389717
A12: Phase 1b | B12: 1a-0 | C12: 1b-0 | I12: =IF(1-(SUM(I13:I18))<0,0,1-(SUM(I13:I18))) -> 0.63793462 | J12: =_xlfn.NORM.INV(RAND(),4,2) -> 1.6595485 | K12: =I12*J12 -> 1.0586834
C13: 1b-1 | G13: =Definitions!G$15 -> 0.14734469 | I13: =SUM(F13+G13+H13) -> 0.14734469 | J13: =_xlfn.NORM.INV(RAND(),4,2) -> 2.9944641 | K13: =I13*J13 -> 0.4412184
C14: 1b-2 | G14: =Definitions!G$16 -> 0.021710458 | I14: =SUM(F14+G14+H14) -> 0.021710458 | J14: =_xlfn.NORM.INV(RAND(),4,2) -> 1.9299665 | K14: =I14*J14 -> 0.041900458
C15: 1b-3 | G15: =Definitions!G$17 -> 0.00084805222 | I15: =SUM(F15+G15+H15) -> 0.00084805222 | J15: =_xlfn.NORM.INV(RAND(),4,2) -> 3.8339147 | K15: =I15*J15 -> 0.0032513599
C16: 1b-4 | G16: =Definitions!G$18 -> 0.14734469 | I16: =SUM(F16+G16+H16) -> 0.14734469 | J16: =_xlfn.NORM.INV(RAND(),4,2) -> 5.9511829 | K16: =I16*J16 -> 0.87687522
C17: 1b-5 | G17: =Definitions!G$19 -> 0.0057555668 | I17: =SUM(F17+G17+H17) -> 0.0057555668 | J17: =_xlfn.NORM.INV(RAND(),4,2) -> 3.3756756 | K17: =I17*J17 -> 0.019428926
C18: 1b-6 | G18: =Definitions!G$20 -> 0.039061921 | I18: =SUM(F18+G18+H18) -> 0.039061921 | J18: =_xlfn.NORM.INV(RAND(),4,2) -> 6.5743212 | K18: =I18*J18 -> 0.25680562
B19: 1a-1 | C19: 1b-0 | F19: =F$6 -> 0.15133278 | I19: =IF(1-(SUM(I20:I25))<0,0,1-(SUM(I20:I25))) -> 0 | J19: =_xlfn.NORM.INV(RAND(),4,2) -> 3.0885415 | K19: =I19*J19 -> 0
C20: 1b-1 | F20: =F$6 -> 0.15133278 | G20: =Definitions!G$15 -> 0.14734469 | I20: =SUM(F20+G20+H20) -> 0.29867748 | J20: =_xlfn.NORM.INV(RAND(),4,2) -> 4.0363328 | K20: =I20*J20 -> 1.2055617
C21: 1b-2 | F21: =F$6 -> 0.15133278 | G21: =Definitions!G$16 -> 0.021710458 | I21: =SUM(F21+G21+H21) -> 0.17304324 | J21: =_xlfn.NORM.INV(RAND(),4,2) -> 1.0598049 | K21: =I21*J21 -> 0.18339208
C22: 1b-3 | F22: =F$6 -> 0.15133278 | G22: =Definitions!G$17 -> 0.00084805222 | I22: =SUM(F22+G22+H22) -> 0.15218084 | J22: =_xlfn.NORM.INV(RAND(),4,2) -> 8.1952348 | K22: =I22*J22 -> 1.2471577
C23: 1b-4 | F23: =F$6 -> 0.15133278 | G23: =Definitions!G$18 -> 0.14734469 | I23: =SUM(F23+G23+H23) -> 0.29867748 | J23: =_xlfn.NORM.INV(RAND(),4,2) -> 3.9622902 | K23: =I23*J23 -> 1.1834468
C24: 1b-5 | F24: =F$6 -> 0.15133278 | G24: =Definitions!G$19 -> 0.0057555668 | I24: =SUM(F24+G24+H24) -> 0.15708835 | J24: =_xlfn.NORM.INV(RAND(),4,2) -> 2.4029307 | K24: =I24*J24 -> 0.37747242
C25: 1b-6 | F25: =F$6 -> 0.15133278 | G25: =Definitions!G$20 -> 0.039061921 | I25: =SUM(F25+G25+H25) -> 0.1903947 | J25: =_xlfn.NORM.INV(RAND(),4,2) -> 5.8736362 | K25: =I25*J25 -> 1.1183092
B26: 1a-2 | C26: 1b-0 | F26: =F$7 -> 0.022901611 | I26: =IF(1-(SUM(I27:I32))<0,0,1-(SUM(I27:I32))) -> 0.50052495 | J26: =_xlfn.NORM.INV(RAND(),4,2) -> 5.3671469 | K26: =I26*J26 -> 2.6863909
C27: 1b-1 | F27: =F$7 -> 0.022901611 | G27: =Definitions!G$15 -> 0.14734469 | I27: =SUM(F27+G27+H27) -> 0.1702463 | J27: =_xlfn.NORM.INV(RAND(),4,2) -> 7.3638205 | K27: =I27*J27 -> 1.2536632
C28: 1b-2 | F28: =F$7 -> 0.022901611 | G28: =Definitions!G$16 -> 0.021710458 | I28: =SUM(F28+G28+H28) -> 0.04461207 | J28: =_xlfn.NORM.INV(RAND(),4,2) -> 4.8285959 | K28: =I28*J28 -> 0.21541366
C29: 1b-3 | F29: =F$7 -> 0.022901611 | G29: =Definitions!G$17 -> 0.00084805222 | I29: =SUM(F29+G29+H29) -> 0.023749663 | J29: =_xlfn.NORM.INV(RAND(),4,2) -> -1.5767755 | K29: =I29*J29 -> -0.037447887
C30: 1b-4 | F30: =F$7 -> 0.022901611 | G30: =Definitions!G$18 -> 0.14734469 | I30: =SUM(F30+G30+H30) -> 0.1702463 | J30: =_xlfn.NORM.INV(RAND(),4,2) -> 5.5082118 | K30: =I30*J30 -> 0.9377527
C31: 1b-5 | F31: =F$7 -> 0.022901611 | G31: =Definitions!G$19 -> 0.0057555668 | I31: =SUM(F31+G31+H31) -> 0.028657178 | J31: =_xlfn.NORM.INV(RAND(),4,2) -> 4.5027684 | K31: =I31*J31 -> 0.12903664
C32: 1b-6 | F32: =F$7 -> 0.022901611 | G32: =Definitions!G$20 -> 0.039061921 | I32: =SUM(F32+G32+H32) -> 0.061963533 | J32: =_xlfn.NORM.INV(RAND(),4,2) -> 3.8478943 | K32: =I32*J32 -> 0.23842912
B33: 1a-3 | C33: 1b-0 | F33: =F$8 -> 0.00023363338 | I33: =IF(1-(SUM(I34:I39))<0,0,1-(SUM(I34:I39))) -> 0.63653282 | J33: =_xlfn.NORM.INV(RAND(),4,2) -> 4.7835679 | K33: =I33*J33 -> 3.0448979
C34: 1b-1 | F34: =F$8 -> 0.00023363338 | G34: =Definitions!G$15 -> 0.14734469 | I34: =SUM(F34+G34+H34) -> 0.14757833 | J34: =_xlfn.NORM.INV(RAND(),4,2) -> 3.5376165 | K34: =I34*J34 -> 0.52207552
C35: 1b-2 | F35: =F$8 -> 0.00023363338 | G35: =Definitions!G$16 -> 0.021710458 | I35: =SUM(F35+G35+H35) -> 0.021944092 | J35: =_xlfn.NORM.INV(RAND(),4,2) -> 4.2022633 | K35: =I35*J35 -> 0.092214852
C36: 1b-3 | F36: =F$8 -> 0.00023363338 | G36: =Definitions!G$17 -> 0.00084805222 | I36: =SUM(F36+G36+H36) -> 0.0010816856 | J36: =_xlfn.NORM.INV(RAND(),4,2) -> 2.3054907 | K36: =I36*J36 -> 0.0024938161
C37: 1b-4 | F37: =F$8 -> 0.00023363338 | G37: =Definitions!G$18 -> 0.14734469 | I37: =SUM(F37+G37+H37) -> 0.14757833 | J37: =_xlfn.NORM.INV(RAND(),4,2) -> 3.5959105 | K37: =I37*J37 -> 0.53067845
C38: 1b-5 | F38: =F$8 -> 0.00023363338 | G38: =Definitions!G$19 -> 0.0057555668 | I38: =SUM(F38+G38+H38) -> 0.0059892002 | J38: =_xlfn.NORM.INV(RAND(),4,2) -> 4.0067575 | K38: =I38*J38 -> 0.023997273
C39: 1b-6 | F39: =F$8 -> 0.00023363338 | G39: =Definitions!G$20 -> 0.039061921 | I39: =SUM(F39+G39+H39) -> 0.039295555 | J39: =_xlfn.NORM.INV(RAND(),4,2) -> 3.8982619 | K39: =I39*J39 -> 0.15318436
B40: 1a-4 | C40: 1b-0 | F40: =F$9 -> 0.15133278 | I40: =IF(1-(SUM(I41:I46))<0,0,1-(SUM(I41:I46))) -> 0 | J40: =_xlfn.NORM.INV(RAND(),4,2) -> 4.5963015 | K40: =I40*J40 -> 0
C41: 1b-1 | F41: =F$9 -> 0.15133278 | G41: =Definitions!G$15 -> 0.14734469 | I41: =SUM(F41+G41+H41) -> 0.29867748 | J41: =_xlfn.NORM.INV(RAND(),4,2) -> 4.8623817 | K41: =I41*J41 -> 1.4522839
C42: 1b-2 | F42: =F$9 -> 0.15133278 | G42: =Definitions!G$16 -> 0.021710458 | I42: =SUM(F42+G42+H42) -> 0.17304324 | J42: =_xlfn.NORM.INV(RAND(),4,2) -> 3.5517357 | K42: =I42*J42 -> 0.61460385
C43: 1b-3 | F43: =F$9 -> 0.15133278 | G43: =Definitions!G$17 -> 0.00084805222 | I43: =SUM(F43+G43+H43) -> 0.15218084 | J43: =_xlfn.NORM.INV(RAND(),4,2) -> 5.179081 | K43: =I43*J43 -> 0.78815687
C44: 1b-4 | F44: =F$9 -> 0.15133278 | G44: =Definitions!G$18 -> 0.14734469 | I44: =SUM(F44+G44+H44) -> 0.29867748 | J44: =_xlfn.NORM.INV(RAND(),4,2) -> 1.101517 | K44: =I44*J44 -> 0.32899833
C45: 1b-5 | F45: =F$9 -> 0.15133278 | G45: =Definitions!G$19 -> 0.0057555668 | I45: =SUM(F45+G45+H45) -> 0.15708835 | J45: =_xlfn.NORM.INV(RAND(),4,2) -> 2.5514639 | K45: =I45*J45 -> 0.40080525
C46: 1b-6 | F46: =F$9 -> 0.15133278 | G46: =Definitions!G$20 -> 0.039061921 | I46: =SUM(F46+G46+H46) -> 0.1903947 | J46: =_xlfn.NORM.INV(RAND(),4,2) -> 3.634995 | K46: =I46*J46 -> 0.69208381
B47: 1a-5 | C47: 1b-0 | F47: =F$10 -> 0.0015438385 | I47: =IF(1-(SUM(I48:I53))<0,0,1-(SUM(I48:I53))) -> 0.62867158 | J47: =_xlfn.NORM.INV(RAND(),4,2) -> 1.7069425 | K47: =I47*J47 -> 1.0731062
C48: 1b-1 | F48: =F$10 -> 0.0015438385 | G48: =Definitions!G$15 -> 0.14734469 | I48: =SUM(F48+G48+H48) -> 0.14888853 | J48: =_xlfn.NORM.INV(RAND(),4,2) -> 1.7510402 | K48: =I48*J48 -> 0.2607098
C49: 1b-2 | F49: =F$10 -> 0.0015438385 | G49: =Definitions!G$16 -> 0.021710458 | I49: =SUM(F49+G49+H49) -> 0.023254297 | J49: =_xlfn.NORM.INV(RAND(),4,2) -> 4.2395858 | K49: =I49*J49 -> 0.098588587
C50: 1b-3 | F50: =F$10 -> 0.0015438385 | G50: =Definitions!G$17 -> 0.00084805222 | I50: =SUM(F50+G50+H50) -> 0.0023918908 | J50: =_xlfn.NORM.INV(RAND(),4,2) -> 5.3410957 | K50: =I50*J50 -> 0.012775318
C51: 1b-4 | F51: =F$10 -> 0.0015438385 | G51: =Definitions!G$18 -> 0.14734469 | I51: =SUM(F51+G51+H51) -> 0.14888853 | J51: =_xlfn.NORM.INV(RAND(),4,2) -> 3.8864626 | K51: =I51*J51 -> 0.57864971
C52: 1b-5 | F52: =F$10 -> 0.0015438385 | G52: =Definitions!G$19 -> 0.0057555668 | I52: =SUM(F52+G52+H52) -> 0.0072994053 | J52: =_xlfn.NORM.INV(RAND(),4,2) -> 1.4940975 | K52: =I52*J52 -> 0.010906023
C53: 1b-6 | F53: =F$10 -> 0.0015438385 | G53: =Definitions!G$20 -> 0.039061921 | I53: =SUM(F53+G53+H53) -> 0.04060576 | J53: =_xlfn.NORM.INV(RAND(),4,2) -> 2.8317196 | K53: =I53*J53 -> 0.11498412
B54: 1a-6 | C54: 1b-0 | F54: =F$11 -> 0.010201613 | I54: =IF(1-(SUM(I55:I60))<0,0,1-(SUM(I55:I60))) -> 0.57672494 | J54: =_xlfn.NORM.INV(RAND(),4,2) -> 3.8711693 | K54: =I54*J54 -> 2.2325999
C55: 1b-1 | F55: =F$11 -> 0.010201613 | G55: =Definitions!G$15 -> 0.14734469 | I55: =SUM(F55+G55+H55) -> 0.15754631 | J55: =_xlfn.NORM.INV(RAND(),4,2) -> 7.5140882 | K55: =I55*J55 -> 1.1838168
C56: 1b-2 | F56: =F$11 -> 0.010201613 | G56: =Definitions!G$16 -> 0.021710458 | I56: =SUM(F56+G56+H56) -> 0.031912072 | J56: =_xlfn.NORM.INV(RAND(),4,2) -> 3.483582 | K56: =I56*J56 -> 0.11116832
C57: 1b-3 | F57: =F$11 -> 0.010201613 | G57: =Definitions!G$17 -> 0.00084805222 | I57: =SUM(F57+G57+H57) -> 0.011049666 | J57: =_xlfn.NORM.INV(RAND(),4,2) -> 6.6302138 | K57: =I57*J57 -> 0.073261645
C58: 1b-4 | F58: =F$11 -> 0.010201613 | G58: =Definitions!G$18 -> 0.14734469 | I58: =SUM(F58+G58+H58) -> 0.15754631 | J58: =_xlfn.NORM.INV(RAND(),4,2) -> 4.2237232 | K58: =I58*J58 -> 0.66543199
C59: 1b-5 | F59: =F$11 -> 0.010201613 | G59: =Definitions!G$19 -> 0.0057555668 | I59: =SUM(F59+G59+H59) -> 0.01595718 | J59: =_xlfn.NORM.INV(RAND(),4,2) -> 2.3167526 | K59: =I59*J59 -> 0.036968838
C60: 1b-6 | F60: =F$11 -> 0.010201613 | G60: =Definitions!G$20 -> 0.039061921 | I60: =SUM(F60+G60+H60) -> 0.049263535 | J60: =_xlfn.NORM.INV(RAND(),4,2) -> 4.8000008 | K60: =I60*J60 -> 0.236465
A61: Phase 2a | B61: 1a-0 | C61: 1b-0 | D61: 2a-0 | I61: =IF(1-(SUM(I62:I71))<0,0,1-(SUM(I62:I71))) -> 0.96555001 | J61: =_xlfn.NORM.INV(RAND(),4,2) -> 3.907106 | K61: =I61*J61 -> 3.7725062
D62: 2a-1 | H62: =Definitions!G$25 -> 0.0085572621 | I62: =SUM(F62+G62+H62) -> 0.0085572621 | J62: =_xlfn.NORM.INV(RAND(),4,2) -> 0.28653517 | K62: =I62*J62 -> 0.0024519566
D63: 2a-2 | H63: =Definitions!G$26 -> 7.3226735e-05 | I63: =SUM(F63+G63+H63) -> 7.3226735e-05 | J63: =_xlfn.NORM.INV(RAND(),4,2) -> 6.149331 | K63: =I63*J63 -> 0.00045029543
D64: 2a-3 | H64: =Definitions!G$27 -> 6.2662037e-07 | I64: =SUM(F64+G64+H64) -> 6.2662037e-07 | J64: =_xlfn.NORM.INV(RAND(),4,2) -> 3.9624857 | K64: =I64*J64 -> 2.4829742e-06
D65: 2a-4 | H65: =Definitions!G$28 -> 5.3621547e-09 | I65: =SUM(F65+G65+H65) -> 5.3621547e-09 | J65: =_xlfn.NORM.INV(RAND(),4,2) -> 2.4515578 | K65: =I65*J65 -> 1.3145632e-08
D66: 2a-5 | H66: =Definitions!G$29 -> 0.0085572621 | I66: =SUM(F66+G66+H66) -> 0.0085572621 | J66: =_xlfn.NORM.INV(RAND(),4,2) -> 4.2365777 | K66: =I66*J66 -> 0.036253506
D67: 2a-6 | H67: =Definitions!G$30 -> 7.3226735e-05 | I67: =SUM(F67+G67+H67) -> 7.3226735e-05 | J67: =_xlfn.NORM.INV(RAND(),4,2) -> 6.7468865 | K67: =I67*J67 -> 0.00049405247
D68: 2a-7 | H68: =Definitions!G$31 -> 6.2662037e-07 | I68: =SUM(F68+G68+H68) -> 6.2662037e-07 | J68: =_xlfn.NORM.INV(RAND(),4,2) -> -0.25987361 | K68: =I68*J68 -> -1.6284209e-07
D69: 2a-8 | H69: =Definitions!G$32 -> 0.0085572621 | I69: =SUM(F69+G69+H69) -> 0.0085572621 | J69: =_xlfn.NORM.INV(RAND(),4,2) -> 5.9302605 | K69: =I69*J69 -> 0.050746794
D70: 2a-9 | H70: =Definitions!G$33 -> 7.3226735e-05 | I70: =SUM(F70+G70+H70) -> 7.3226735e-05 | J70: =_xlfn.NORM.INV(RAND(),4,2) -> 6.0960195 | K70: =I70*J70 -> 0.0004463916
D71: 2a-10 | H71: =Definitions!G$34 -> 0.0085572621 | I71: =SUM(F71+G71+H71) -> 0.0085572621 | J71: =_xlfn.NORM.INV(RAND(),4,2) -> 6.3508073 | K71: =I71*J71 -> 0.054345523
C72: 1b-1 | D72: 2a-0 | G72: =Definitions!G$15 -> 0.14734469 | I72: =IF(1-(SUM(I73:I82))<0,0,1-(SUM(I73:I82))) -> 0 | J72: =_xlfn.NORM.INV(RAND(),4,2) -> 1.0183466 | K72: =I72*J72 -> 0
D73: 2a-1 | G73: =Definitions!G$15 -> 0.14734469 | H73: =Definitions!G$25 -> 0.0085572621 | I73: =SUM(F73+G73+H73) -> 0.15590195 | J73: =_xlfn.NORM.INV(RAND(),4,2) -> 1.4862488 | K73: =I73*J73 -> 0.23170909
D74: 2a-2 | G74: =Definitions!G$15 -> 0.14734469 | H74: =Definitions!G$26 -> 7.3226735e-05 | I74: =SUM(F74+G74+H74) -> 0.14741792 | J74: =_xlfn.NORM.INV(RAND(),4,2) -> 3.2700989 | K74: =I74*J74 -> 0.48207118
D75: 2a-3 | G75: =Definitions!G$15 -> 0.14734469 | H75: =Definitions!G$27 -> 6.2662037e-07 | I75: =SUM(F75+G75+H75) -> 0.14734532 | J75: =_xlfn.NORM.INV(RAND(),4,2) -> 3.4963802 | K75: =I75*J75 -> 0.51517526
D76: 2a-4 | G76: =Definitions!G$15 -> 0.14734469 | H76: =Definitions!G$28 -> 5.3621547e-09 | I76: =SUM(F76+G76+H76) -> 0.1473447 | J76: =_xlfn.NORM.INV(RAND(),4,2) -> 6.8755484 | K76: =I76*J76 -> 1.0130756
D77: 2a-5 | G77: =Definitions!G$15 -> 0.14734469 | H77: =Definitions!G$29 -> 0.0085572621 | I77: =SUM(F77+G77+H77) -> 0.15590195 | J77: =_xlfn.NORM.INV(RAND(),4,2) -> 1.916947 | K77: =I77*J77 -> 0.29885579
D78: 2a-6 | G78: =Definitions!G$15 -> 0.14734469 | H78: =Definitions!G$30 -> 7.3226735e-05 | I78: =SUM(F78+G78+H78) -> 0.14741792 | J78: =_xlfn.NORM.INV(RAND(),4,2) -> 3.3968143 | K78: =I78*J78 -> 0.5007513
D79: 2a-7 | G79: =Definitions!G$15 -> 0.14734469 | H79: =Definitions!G$31 -> 6.2662037e-07 | I79: =SUM(F79+G79+H79) -> 0.14734532 | J79: =_xlfn.NORM.INV(RAND(),4,2) -> 5.2519839 | K79: =I79*J79 -> 0.77385525
D80: 2a-8 | G80: =Definitions!G$15 -> 0.14734469 | H80: =Definitions!G$32 -> 0.0085572621 | I80: =SUM(F80+G80+H80) -> 0.15590195 | J80: =_xlfn.NORM.INV(RAND(),4,2) -> 5.8640704 | K80: =I80*J80 -> 0.91422004
D81: 2a-9 | G81: =Definitions!G$15 -> 0.14734469 | H81: =Definitions!G$33 -> 7.3226735e-05 | I81: =SUM(F81+G81+H81) -> 0.14741792 | J81: =_xlfn.NORM.INV(RAND(),4,2) -> 8.5282494 | K81: =I81*J81 -> 1.2572168
D82: 2a-10 | G82: =Definitions!G$15 -> 0.14734469 | H82: =Definitions!G$34 -> 0.0085572621 | I82: =SUM(F82+G82+H82) -> 0.15590195 | J82: =_xlfn.NORM.INV(RAND(),4,2) -> 2.8790718 | K82: =I82*J82 -> 0.44885292
C83: 1b-2 | D83: 2a-0 | G83: =Definitions!G$16 -> 0.021710458 | I83: =IF(1-(SUM(I84:I93))<0,0,1-(SUM(I84:I93))) -> 0.74844543 | J83: =_xlfn.NORM.INV(RAND(),4,2) -> 7.2742328 | K83: =I83*J83 -> 5.4443663
D84: 2a-1 | G84: =Definitions!G$16 -> 0.021710458 | H84: =Definitions!G$25 -> 0.0085572621 | I84: =SUM(F84+G84+H84) -> 0.030267721 | J84: =_xlfn.NORM.INV(RAND(),4,2) -> 4.0256522 | K84: =I84*J84 -> 0.12184732 | N84: ….
D85: 2a-2 | G85: =Definitions!G$16 -> 0.021710458 | H85: =Definitions!G$26 -> 7.3226735e-05 | I85: =SUM(F85+G85+H85) -> 0.021783685 | J85: =_xlfn.NORM.INV(RAND(),4,2) -> 5.2206401 | K85: =I85*J85 -> 0.11372478
D86: 2a-3 | G86: =Definitions!G$16 -> 0.021710458 | H86: =Definitions!G$27 -> 6.2662037e-07 | I86: =SUM(F86+G86+H86) -> 0.021711085 | J86: =_xlfn.NORM.INV(RAND(),4,2) -> 3.2052167 | K86: =I86*J86 -> 0.069588732
D87: 2a-4 | G87: =Definitions!G$16 -> 0.021710458 | H87: =Definitions!G$28 -> 5.3621547e-09 | I87: =SUM(F87+G87+H87) -> 0.021710464 | J87: =_xlfn.NORM.INV(RAND(),4,2) -> 2.0354269 | K87: =I87*J87 -> 0.044190063
D88: 2a-5 | G88: =Definitions!G$16 -> 0.021710458 | H88: =Definitions!G$29 -> 0.0085572621 | I88: =SUM(F88+G88+H88) -> 0.030267721 | J88: =_xlfn.NORM.INV(RAND(),4,2) -> 3.311993 | K88: =I88*J88 -> 0.10024648
D89: 2a-6 | G89: =Definitions!G$16 -> 0.021710458 | H89: =Definitions!G$30 -> 7.3226735e-05 | I89: =SUM(F89+G89+H89) -> 0.021783685 | J89: =_xlfn.NORM.INV(RAND(),4,2) -> 4.1953682 | K89: =I89*J89 -> 0.09139058
D90: 2a-7 | G90: =Definitions!G$16 -> 0.021710458 | H90: =Definitions!G$31 -> 6.2662037e-07 | I90: =SUM(F90+G90+H90) -> 0.021711085 | J90: =_xlfn.NORM.INV(RAND(),4,2) -> 5.0534491 | K90: =I90*J90 -> 0.10971586
D91: 2a-8 | G91: =Definitions!G$16 -> 0.021710458 | H91: =Definitions!G$32 -> 0.0085572621 | I91: =SUM(F91+G91+H91) -> 0.030267721 | J91: =_xlfn.NORM.INV(RAND(),4,2) -> 4.6891824 | K91: =I91*J91 -> 0.14193086
D92: 2a-9 | G92: =Definitions!G$16 -> 0.021710458 | H92: =Definitions!G$33 -> 7.3226735e-05 | I92: =SUM(F92+G92+H92) -> 0.021783685 | J92: =_xlfn.NORM.INV(RAND(),4,2) -> 5.3366891 | K92: =I92*J92 -> 0.11625276
D93: 2a-10 | G93: =Definitions!G$16 -> 0.021710458 | H93: =Definitions!G$34 -> 0.0085572621 | I93: =SUM(F93+G93+H93) -> 0.030267721 | J93: =_xlfn.NORM.INV(RAND(),4,2) -> 3.0372969 | K93: =I93*J93 -> 0.091932053
C94: 1b-3 | D94: 2a-0 | G94: =Definitions!G$17 -> 0.00084805222 | I94: =IF(1-(SUM(I95:I104))<0,0,1-(SUM(I95:I104))) -> 0.95706949 | J94: =_xlfn.NORM.INV(RAND(),4,2) -> 4.8363393 | K94: =I94*J94 -> 4.6287128
D95: 2a-1 | G95: =Definitions!G$17 -> 0.00084805222 | H95: =Definitions!G$25 -> 0.0085572621 | I95: =SUM(F95+G95+H95) -> 0.0094053143 | J95: =_xlfn.NORM.INV(RAND(),4,2) -> 4.6164481 | K95: =I95*J95 -> 0.043419146
D96: 2a-2 | G96: =Definitions!G$17 -> 0.00084805222 | H96: =Definitions!G$26 -> 7.3226735e-05 | I96: =SUM(F96+G96+H96) -> 0.00092127896 | J96: =_xlfn.NORM.INV(RAND(),4,2) -> 4.7715812 | K96: =I96*J96 -> 0.0043959573
D97: 2a-3 | G97: =Definitions!G$17 -> 0.00084805222 | H97: =Definitions!G$27 -> 6.2662037e-07 | I97: =SUM(F97+G97+H97) -> 0.00084867884 | J97: =_xlfn.NORM.INV(RAND(),4,2) -> 4.3672942 | K97: =I97*J97 -> 0.0037064302
D98: 2a-4 | G98: =Definitions!G$17 -> 0.00084805222 | H98: =Definitions!G$28 -> 5.3621547e-09 | I98: =SUM(F98+G98+H98) -> 0.00084805758 | J98: =_xlfn.NORM.INV(RAND(),4,2) -> 2.7236243 | K98: =I98*J98 -> 0.0023097902
D99: 2a-5 | G99: =Definitions!G$17 -> 0.00084805222 | H99: =Definitions!G$29 -> 0.0085572621 | I99: =SUM(F99+G99+H99) -> 0.0094053143 | J99: =_xlfn.NORM.INV(RAND(),4,2) -> 5.010247 | K99: =I99*J99 -> 0.047122948
D100: 2a-6 | G100: =Definitions!G$17 -> 0.00084805222 | H100: =Definitions!G$30 -> 7.3226735e-05 | I100: =SUM(F100+G100+H100) -> 0.00092127896 | J100: =_xlfn.NORM.INV(RAND(),4,2) -> 6.1676273 | K100: =I100*J100 -> 0.0056821053
...
